{
  "id": "1550928",
  "name": "houchejishi",
  "font_family": "iconfont",
  "css_prefix_text": "icon-",
  "description": "",
  "glyphs": [
    {
      "icon_id": "14397599",
      "name": "mail",
      "font_class": "mail1",
      "unicode": "eab2",
      "unicode_decimal": 60082
    },
    {
      "icon_id": "14671210",
      "name": "address",
      "font_class": "address",
      "unicode": "e60b",
      "unicode_decimal": 58891
    },
    {
      "icon_id": "14671211",
      "name": "phone",
      "font_class": "phone",
      "unicode": "e60c",
      "unicode_decimal": 58892
    },
    {
      "icon_id": "4985589",
      "name": "商户",
      "font_class": "merchantmanagement",
      "unicode": "e60a",
      "unicode_decimal": 58890
    },
    {
      "icon_id": "9788710",
      "name": "商户",
      "font_class": "shanghu1",
      "unicode": "e634",
      "unicode_decimal": 58932
    },
    {
      "icon_id": "7384887",
      "name": "仪表盘",
      "font_class": "dashboard",
      "unicode": "e7c9",
      "unicode_decimal": 59337
    },
    {
      "icon_id": "7590609",
      "name": "仪表盘",
      "font_class": "yibiaopan1",
      "unicode": "e711",
      "unicode_decimal": 59153
    },
    {
      "icon_id": "9730915",
      "name": "角色",
      "font_class": "rolemanagement",
      "unicode": "e609",
      "unicode_decimal": 58889
    },
    {
      "icon_id": "8288841",
      "name": "功能",
      "font_class": "functionaility",
      "unicode": "e84a",
      "unicode_decimal": 59466
    },
    {
      "icon_id": "5530908",
      "name": "下单量",
      "font_class": "createorder",
      "unicode": "e62a",
      "unicode_decimal": 58922
    },
    {
      "icon_id": "14408915",
      "name": "Untitled-3",
      "font_class": "product",
      "unicode": "e601",
      "unicode_decimal": 58881
    },
    {
      "icon_id": "14408916",
      "name": "Untitled-2",
      "font_class": "merchant",
      "unicode": "e602",
      "unicode_decimal": 58882
    },
    {
      "icon_id": "14408917",
      "name": "Untitled-5",
      "font_class": "user",
      "unicode": "e603",
      "unicode_decimal": 58883
    },
    {
      "icon_id": "14408918",
      "name": "Untitled-7",
      "font_class": "productmanagement",
      "unicode": "e604",
      "unicode_decimal": 58884
    },
    {
      "icon_id": "14408919",
      "name": "Untitled-6",
      "font_class": "distributedproduct",
      "unicode": "e605",
      "unicode_decimal": 58885
    },
    {
      "icon_id": "14408920",
      "name": "Untitled-9",
      "font_class": "ordermanagement",
      "unicode": "e606",
      "unicode_decimal": 58886
    },
    {
      "icon_id": "14408921",
      "name": "Untitled-10",
      "font_class": "authoritysettings",
      "unicode": "e607",
      "unicode_decimal": 58887
    },
    {
      "icon_id": "14408922",
      "name": "Untitled-4",
      "font_class": "order",
      "unicode": "e608",
      "unicode_decimal": 58888
    },
    {
      "icon_id": "14408802",
      "name": "Untitled-1",
      "font_class": "usermanagement",
      "unicode": "e600",
      "unicode_decimal": 58880
    },
    {
      "icon_id": "14401855",
      "name": "二维码",
      "font_class": "qrcode",
      "unicode": "e6a4",
      "unicode_decimal": 59044
    },
    {
      "icon_id": "6718994",
      "name": "菜单-收缩",
      "font_class": "hamburger",
      "unicode": "e6a3",
      "unicode_decimal": 59043
    }
  ]
}
